<resources>

    <!-- Base application theme. -->
    <style name="AppTheme" parent="Theme.MaterialComponents.Light.NoActionBar">
        <!-- Customize your theme here. -->
        <item name="colorPrimary">@color/colorPrimary</item>
        <item name="colorPrimaryDark">@color/colorPrimaryDark</item>
        <item name="colorAccent">@color/colorAccent</item>
    </style>

    <style name="AppTheme.NoActionBar">
        <item name="windowActionBar">false</item>
        <item name="windowNoTitle">true</item>
    </style>

    <style name="AppTheme.AppBarOverlay" parent="ThemeOverlay.MaterialComponents.Dark.ActionBar" />

    <style name="AppTheme.PopupOverlay" parent="ThemeOverlay.MaterialComponents.Light" />
	
	<style name="MyTheme.Splash" parent ="Theme.AppCompat.Light.NoActionBar">
		<item name="android:windowBackground">@drawable/splash_screen</item>
		<item name="android:windowNoTitle">true</item>
		<item name="android:windowFullscreen">true</item>
		<item name="android:windowContentOverlay">@null</item>
		<item name="android:windowActionBar">true</item>
	</style>

	<style name="TextAppearance.MdcTypographyStyles.Headline1" parent="TextAppearance.MaterialComponents.Headline1">
		<item name="fontFamily">@font/jetbrains_mono</item>
		<item name="android:fontFamily">@font/jetbrains_mono</item>
		<item name="android:textSize">93sp</item>
	</style>
	<style name="TextAppearance.MdcTypographyStyles.Headline2" parent="TextAppearance.MaterialComponents.Headline2">
		<item name="fontFamily">@font/jetbrains_mono</item>
		<item name="android:fontFamily">@font/jetbrains_mono</item>
		<item name="android:textSize">58sp</item>
	</style>
	<style name="TextAppearance.MdcTypographyStyles.Headline3" parent="TextAppearance.MaterialComponents.Headline3">
		<item name="fontFamily">@font/jetbrains_mono</item>
		<item name="android:fontFamily">@font/jetbrains_mono</item>
		<item name="android:textSize">47sp</item>
	</style>
	<style name="TextAppearance.MdcTypographyStyles.Headline4" parent="TextAppearance.MaterialComponents.Headline4">
		<item name="fontFamily">@font/jetbrains_mono</item>
		<item name="android:fontFamily">@font/jetbrains_mono</item>
		<item name="android:textSize">33sp</item>
	</style>
	<style name="TextAppearance.MdcTypographyStyles.Headline5" parent="TextAppearance.MaterialComponents.Headline5">
		<item name="fontFamily">@font/jetbrains_mono</item>
		<item name="android:fontFamily">@font/jetbrains_mono</item>
		<item name="android:textSize">23sp</item>
	</style>
	<style name="TextAppearance.MdcTypographyStyles.Headline6" parent="TextAppearance.MaterialComponents.Headline6">
		<item name="fontFamily">@font/jetbrains_mono</item>
		<item name="android:fontFamily">@font/jetbrains_mono</item>
		<item name="android:textSize">19sp</item>
	</style>
	<style name="TextAppearance.MdcTypographyStyles.Subtitle1" parent="TextAppearance.MaterialComponents.Subtitle1">
		<item name="fontFamily">@font/jetbrains_mono</item>
		<item name="android:fontFamily">@font/jetbrains_mono</item>
		<item name="android:textSize">16sp</item>
	</style>
	<style name="TextAppearance.MdcTypographyStyles.Subtitle2" parent="TextAppearance.MaterialComponents.Subtitle2">
		<item name="fontFamily">@font/jetbrains_mono</item>
		<item name="android:fontFamily">@font/jetbrains_mono</item>
		<item name="android:textSize">14sp</item>
	</style>
	<style name="TextAppearance.MdcTypographyStyles.Body1" parent="TextAppearance.MaterialComponents.Body1">
		<item name="fontFamily">@font/jetbrains_mono</item>
		<item name="android:fontFamily">@font/jetbrains_mono</item>
		<item name="android:textSize">16sp</item>
	</style>
	<style name="TextAppearance.MdcTypographyStyles.Body2" parent="TextAppearance.MaterialComponents.Body2">
		<item name="fontFamily">@font/jetbrains_mono</item>
		<item name="android:fontFamily">@font/jetbrains_mono</item>
		<item name="android:textSize">14sp</item>
	</style>
	<style name="TextAppearance.MdcTypographyStyles.Button" parent="TextAppearance.MaterialComponents.Button">
		<item name="fontFamily">@font/jetbrains_mono</item>
		<item name="android:fontFamily">@font/jetbrains_mono</item>
		<item name="android:textSize">14sp</item>
	</style>
	<style name="TextAppearance.MdcTypographyStyles.Caption" parent="TextAppearance.MaterialComponents.Caption">
		<item name="fontFamily">@font/jetbrains_mono</item>
		<item name="android:fontFamily">@font/jetbrains_mono</item>
		<item name="android:textSize">12sp</item>
	</style>
	<style name="TextAppearance.MdcTypographyStyles.Overline" parent="TextAppearance.MaterialComponents.Overline">
		<item name="fontFamily">@font/jetbrains_mono</item>
		<item name="android:fontFamily">@font/jetbrains_mono</item>
		<item name="android:textSize">10sp</item>
	</style>
</resources>
