{
  "project_info": {
    "project_number": "964033776824",
    "firebase_url": "https://onlyfriends-6e3f9-default-rtdb.firebaseio.com",
    "project_id": "onlyfriends-6e3f9",
    "storage_bucket": "onlyfriends-6e3f9.appspot.com"
  },
  "client": [
    {
      "client_info": {
        "mobilesdk_app_id": "1:964033776824:android:c05fc326cb0af21b9cb84d",
        "android_client_info": {
          "package_name": "com.companyname.goggio"
        }
      },
      "oauth_client": [],
      "api_key": [
        {
          "current_key": "AIzaSyCDwLud1suHml9ADExF1NtGittYDVkCAL4"
        }
      ],
      "services": {
        "appinvite_service": {
          "other_platform_oauth_client": []
        }
      }
    }
  ],
  "configuration_version": "1"
}